Model,Accuracy,Precision,Recall,F1,ROC_AUC,TN,FP,FN,TP,Num_Incorrect,Pct_Incorrect,Params,n_iter,Search_Time_seconds,0_precision,0_recall,0_f1-score,0_support,1_precision,1_recall,1_f1-score,1_support,classification_accuracy,macro avg_precision,macro avg_recall,macro avg_f1-score,macro avg_support,weighted avg_precision,weighted avg_recall,weighted avg_f1-score,weighted avg_support
MLP (Default),0.8373205741626795,0.8601398601398601,0.8978102189781022,0.8785714285714286,0.8785989456609895,52,20,14,123,34,16.267942583732058,"{'activation': 'relu', 'alpha': 0.0001, 'batch_size': 'auto', 'beta_1': 0.9, 'beta_2': 0.999, 'early_stopping': False, 'epsilon': 1e-08, 'hidden_layer_sizes': (100,), 'learning_rate': 'constant', 'learning_rate_init': 0.001, 'max_fun': 15000, 'max_iter': 1000, 'momentum': 0.9, 'n_iter_no_change': 10, 'nesterovs_momentum': True, 'power_t': 0.5, 'random_state': 42, 'shuffle': True, 'solver': 'adam', 'tol': 0.0001, 'validation_fraction': 0.1, 'verbose': False, 'warm_start': False}",838,7.1531102657318115,0.7878787878787878,0.7222222222222222,0.7536231884057971,72.0,0.8601398601398601,0.8978102189781022,0.8785714285714286,137.0,0.8373205741626795,0.824009324009324,0.8100162206001622,0.8160973084886128,209.0,0.8352460936192994,0.8373205741626795,0.8355270587536033,209.0
MLP (RandomizedSearchCV),0.8516746411483254,0.8732394366197183,0.9051094890510949,0.8888888888888888,0.887418896999189,54,18,13,124,31,14.832535885167463,"{'solver': 'adam', 'learning_rate': 'constant', 'hidden_layer_sizes': (50, 50), 'alpha': 0.001, 'activation': 'relu'}",281,179.29736471176147,0.8059701492537313,0.75,0.7769784172661871,72.0,0.8732394366197183,0.9051094890510949,0.8888888888888888,137.0,0.8516746411483254,0.8396047929367247,0.8275547445255474,0.832933653077538,209.0,0.8500653280534454,0.8516746411483254,0.8503359991432692,209.0
MLP (GridSearchCV),0.84688995215311,0.8671328671328671,0.9051094890510949,0.8857142857142857,0.8644059205190592,53,19,13,124,32,15.311004784688995,"{'activation': 'tanh', 'alpha': 0.01, 'hidden_layer_sizes': (50, 50), 'learning_rate': 'constant', 'solver': 'adam'}",618,2073.6903314590454,0.803030303030303,0.7361111111111112,0.7681159420289855,72.0,0.8671328671328671,0.9051094890510949,0.8857142857142857,137.0,0.84688995215311,0.835081585081585,0.820610300081103,0.8269151138716355,209.0,0.8450496871549502,0.84688995215311,0.8452019376504503,209.0
