Model,Accuracy,Precision,Recall,F1,ROC_AUC,TN,FP,FN,TP,Num_Incorrect,Pct_Incorrect,Params,n_iter,Search_Time_seconds,0_precision,0_recall,0_f1-score,0_support,1_precision,1_recall,1_f1-score,1_support,classification_accuracy,macro avg_precision,macro avg_recall,macro avg_f1-score,macro avg_support,weighted avg_precision,weighted avg_recall,weighted avg_f1-score,weighted avg_support
MLP (Default),0.7162162162162162,0.808695652173913,0.8230088495575221,0.8157894736842105,0.7671302149178255,13,22,20,93,42,28.37837837837838,"{'activation': 'relu', 'alpha': 0.0001, 'batch_size': 'auto', 'beta_1': 0.9, 'beta_2': 0.999, 'early_stopping': False, 'epsilon': 1e-08, 'hidden_layer_sizes': (100,), 'learning_rate': 'constant', 'learning_rate_init': 0.001, 'max_fun': 15000, 'max_iter': 1000, 'momentum': 0.9, 'n_iter_no_change': 10, 'nesterovs_momentum': True, 'power_t': 0.5, 'random_state': 42, 'shuffle': True, 'solver': 'adam', 'tol': 0.0001, 'validation_fraction': 0.1, 'verbose': False, 'warm_start': False}",820,4.902948379516602,0.3939393939393939,0.37142857142857144,0.38235294117647056,35.0,0.808695652173913,0.8230088495575221,0.8157894736842105,113.0,0.7162162162162162,0.6013175230566534,0.5972187104930468,0.5990712074303406,148.0,0.7106114019157497,0.7162162162162162,0.7132875909965692,148.0
MLP (RandomizedSearchCV),0.7094594594594594,0.8017241379310345,0.8230088495575221,0.8122270742358079,0.7772439949431099,12,23,20,93,43,29.054054054054053,"{'solver': 'adam', 'learning_rate': 'adaptive', 'hidden_layer_sizes': (100,), 'alpha': 0.001, 'activation': 'relu'}",654,148.57900547981262,0.375,0.34285714285714286,0.3582089552238806,35.0,0.8017241379310345,0.8230088495575221,0.8122270742358079,113.0,0.7094594594594594,0.5883620689655172,0.5829329962073324,0.5852180147298442,148.0,0.7008096458527493,0.7094594594594594,0.7048579244694737,148.0
MLP (GridSearchCV),0.7364864864864865,0.8135593220338984,0.8495575221238938,0.8311688311688312,0.752212389380531,13,22,17,96,39,26.351351351351347,"{'activation': 'relu', 'alpha': 0.001, 'hidden_layer_sizes': (100, 50), 'learning_rate': 'constant', 'solver': 'adam'}",217,1732.3922164440155,0.43333333333333335,0.37142857142857144,0.4,35.0,0.8135593220338984,0.8495575221238938,0.8311688311688312,113.0,0.7364864864864865,0.6234463276836159,0.6104930467762326,0.6155844155844157,148.0,0.7236410138952513,0.7364864864864865,0.7292032292032292,148.0
