Model,Accuracy,Precision,Recall,F1,ROC_AUC,TN,FP,FN,TP,Num_Incorrect,Pct_Incorrect,Params,Search_Time_seconds,0_precision,0_recall,0_f1-score,0_support,1_precision,1_recall,1_f1-score,1_support,classification_accuracy,macro avg_precision,macro avg_recall,macro avg_f1-score,macro avg_support,weighted avg_precision,weighted avg_recall,weighted avg_f1-score,weighted avg_support
Random Forest (Default),0.8325358851674641,0.8541666666666666,0.8978102189781022,0.8754448398576512,0.9104318734793188,51,21,14,123,35,16.74641148325359,"{'bootstrap': True, 'ccp_alpha': 0.0, 'class_weight': None, 'criterion': 'gini', 'max_depth': None, 'max_features': 'sqrt', 'max_leaf_nodes': None, 'max_samples': None, 'min_impurity_decrease': 0.0, 'min_samples_leaf': 1, 'min_samples_split': 2, 'min_weight_fraction_leaf': 0.0, 'monotonic_cst': None, 'n_estimators': 100, 'n_jobs': None, 'oob_score': False, 'random_state': 42, 'verbose': 0, 'warm_start': False}",0.26466965675354004,0.7846153846153846,0.7083333333333334,0.7445255474452555,72.0,0.8541666666666666,0.8978102189781022,0.8754448398576512,137.0,0.8325358851674641,0.8193910256410256,0.8030717761557178,0.8099851936514533,209.0,0.8302064163906269,0.8325358851674641,0.8303434568256297,209.0
Random Forest (RandomizedSearchCV),0.8516746411483254,0.8581081081081081,0.927007299270073,0.8912280701754386,0.91220600162206,51,21,10,127,31,14.832535885167463,"{'n_estimators': 200, 'min_samples_split': 5, 'min_samples_leaf': 1, 'max_depth': None, 'bootstrap': False}",56.6292028427124,0.8360655737704918,0.7083333333333334,0.7669172932330827,72.0,0.8581081081081081,0.927007299270073,0.8912280701754386,137.0,0.8516746411483254,0.8470868409393,0.8176703163017032,0.8290726817042606,209.0,0.850514507762135,0.8516746411483254,0.8484033049130002,209.0
Random Forest (GridSearchCV),0.84688995215311,0.8523489932885906,0.927007299270073,0.8881118881118881,0.9021188158961881,50,22,10,127,32,15.311004784688995,"{'bootstrap': False, 'max_depth': 20, 'min_samples_leaf': 1, 'min_samples_split': 5, 'n_estimators': 200}",632.6378161907196,0.8333333333333334,0.6944444444444444,0.7575757575757576,72.0,0.8523489932885906,0.927007299270073,0.8881118881118881,137.0,0.84688995215311,0.842841163310962,0.8107258718572588,0.8228438228438228,209.0,0.8457981439260139,0.84688995215311,0.8431425034295846,209.0
