Model,Accuracy,Precision,Recall,F1,ROC_AUC,TN,FP,FN,TP,Num_Incorrect,Pct_Incorrect,Params,n_iter,Search_Time_seconds,0_precision,0_recall,0_f1-score,0_support,1_precision,1_recall,1_f1-score,1_support,classification_accuracy,macro avg_precision,macro avg_recall,macro avg_f1-score,macro avg_support,weighted avg_precision,weighted avg_recall,weighted avg_f1-score,weighted avg_support
MLP (Default),0.8373205741626795,0.8601398601398601,0.8978102189781022,0.8785714285714286,0.8785989456609895,52,20,14,123,34,16.267942583732058,"{'activation': 'relu', 'alpha': 0.0001, 'batch_size': 'auto', 'beta_1': 0.9, 'beta_2': 0.999, 'early_stopping': False, 'epsilon': 1e-08, 'hidden_layer_sizes': (100,), 'learning_rate': 'constant', 'learning_rate_init': 0.001, 'max_fun': 15000, 'max_iter': 4000, 'momentum': 0.9, 'n_iter_no_change': 10, 'nesterovs_momentum': True, 'power_t': 0.5, 'random_state': 42, 'shuffle': True, 'solver': 'adam', 'tol': 0.0001, 'validation_fraction': 0.1, 'verbose': False, 'warm_start': False}",838,7.88383150100708,0.7878787878787878,0.7222222222222222,0.7536231884057971,72.0,0.8601398601398601,0.8978102189781022,0.8785714285714286,137.0,0.8373205741626795,0.824009324009324,0.8100162206001622,0.8160973084886128,209.0,0.8352460936192994,0.8373205741626795,0.8355270587536033,209.0
MLP (RandomizedSearchCV),0.8516746411483254,0.8785714285714286,0.8978102189781022,0.8880866425992779,0.8743410381184102,55,17,14,123,31,14.832535885167463,"{'solver': 'adam', 'learning_rate': 'constant', 'hidden_layer_sizes': (50, 50), 'alpha': 0.0001, 'activation': 'tanh'}",705,272.7206552028656,0.7971014492753623,0.7638888888888888,0.7801418439716312,72.0,0.8785714285714286,0.8978102189781022,0.8880866425992779,137.0,0.8516746411483254,0.8378364389233954,0.8308495539334955,0.8341142432854546,209.0,0.8505052156081904,0.8516746411483254,0.8508999177131987,209.0
MLP (GridSearchCV),0.84688995215311,0.8671328671328671,0.9051094890510949,0.8857142857142857,0.8644059205190592,53,19,13,124,32,15.311004784688995,"{'activation': 'tanh', 'alpha': 0.01, 'hidden_layer_sizes': (50, 50), 'learning_rate': 'constant', 'solver': 'adam'}",618,3837.323862552643,0.803030303030303,0.7361111111111112,0.7681159420289855,72.0,0.8671328671328671,0.9051094890510949,0.8857142857142857,137.0,0.84688995215311,0.835081585081585,0.820610300081103,0.8269151138716355,209.0,0.8450496871549502,0.84688995215311,0.8452019376504503,209.0
