Model,Accuracy,Precision,Recall,F1,ROC_AUC,TN,FP,FN,TP,Num_Incorrect,Pct_Incorrect,Params,Search_Time_seconds,0_precision,0_recall,0_f1-score,0_support,1_precision,1_recall,1_f1-score,1_support,classification_accuracy,macro avg_precision,macro avg_recall,macro avg_f1-score,macro avg_support,weighted avg_precision,weighted avg_recall,weighted avg_f1-score,weighted avg_support
Random Forest (Default),0.777027027027027,0.8333333333333334,0.8849557522123894,0.8583690987124464,0.7788874841972186,15,20,13,100,33,22.2972972972973,"{'bootstrap': True, 'ccp_alpha': 0.0, 'class_weight': None, 'criterion': 'gini', 'max_depth': None, 'max_features': 'sqrt', 'max_leaf_nodes': None, 'max_samples': None, 'min_impurity_decrease': 0.0, 'min_samples_leaf': 1, 'min_samples_split': 2, 'min_weight_fraction_leaf': 0.0, 'monotonic_cst': None, 'n_estimators': 100, 'n_jobs': None, 'oob_score': False, 'random_state': 42, 'verbose': 0, 'warm_start': False}",0.43701672554016113,0.5357142857142857,0.42857142857142855,0.47619047619047616,35.0,0.8333333333333334,0.8849557522123894,0.8583690987124464,113.0,0.777027027027027,0.6845238095238095,0.656763590391909,0.6672797874514613,148.0,0.7629504504504505,0.777027027027027,0.7679890190619805,148.0
Random Forest (RandomizedSearchCV),0.7567567567567568,0.8290598290598291,0.8584070796460177,0.8434782608695652,0.813653603034134,15,20,16,97,36,24.324324324324326,"{'n_estimators': 100, 'min_samples_split': 10, 'min_samples_leaf': 1, 'max_depth': 20, 'bootstrap': False}",45.63801121711731,0.4838709677419355,0.42857142857142855,0.45454545454545453,35.0,0.8290598290598291,0.8584070796460177,0.8434782608695652,113.0,0.7567567567567568,0.6564653984008824,0.6434892541087232,0.6490118577075099,148.0,0.7474273280724895,0.7567567567567568,0.7515009080226471,148.0
Random Forest (GridSearchCV),0.7702702702702703,0.8319327731092437,0.8761061946902655,0.853448275862069,0.8174462705436157,15,20,14,99,34,22.972972972972975,"{'bootstrap': True, 'max_depth': 15, 'min_samples_leaf': 1, 'min_samples_split': 5, 'n_estimators': 500}",737.8430106639862,0.5172413793103449,0.42857142857142855,0.46875,35.0,0.8319327731092437,0.8761061946902655,0.853448275862069,113.0,0.7702702702702703,0.6745870762097943,0.6523388116308471,0.6610991379310345,148.0,0.757512511062207,0.7702702702702703,0.7624723322460392,148.0
