Model,Accuracy,Precision,Recall,F1,ROC_AUC,TN,FP,FN,TP,Num_Incorrect,Pct_Incorrect,Params,Search_Time_seconds,0_precision,0_recall,0_f1-score,0_support,1_precision,1_recall,1_f1-score,1_support,classification_accuracy,macro avg_precision,macro avg_recall,macro avg_f1-score,macro avg_support,weighted avg_precision,weighted avg_recall,weighted avg_f1-score,weighted avg_support
Random Forest (Default),0.8325358851674641,0.8541666666666666,0.8978102189781022,0.8754448398576512,0.9104318734793188,51,21,14,123,35,16.74641148325359,"{'bootstrap': True, 'ccp_alpha': 0.0, 'class_weight': None, 'criterion': 'gini', 'max_depth': None, 'max_features': 'sqrt', 'max_leaf_nodes': None, 'max_samples': None, 'min_impurity_decrease': 0.0, 'min_samples_leaf': 1, 'min_samples_split': 2, 'min_weight_fraction_leaf': 0.0, 'monotonic_cst': None, 'n_estimators': 100, 'n_jobs': None, 'oob_score': False, 'random_state': 42, 'verbose': 0, 'warm_start': False}",0.1523425579071045,0.7846153846153846,0.7083333333333334,0.7445255474452555,72.0,0.8541666666666666,0.8978102189781022,0.8754448398576512,137.0,0.8325358851674641,0.8193910256410256,0.8030717761557178,0.8099851936514533,209.0,0.8302064163906269,0.8325358851674641,0.8303434568256297,209.0
Random Forest (RandomizedSearchCV),0.8564593301435407,0.8689655172413793,0.9197080291970803,0.8936170212765957,0.9010036496350365,53,19,11,126,30,14.354066985645932,"{'n_estimators': 300, 'min_samples_split': 2, 'min_samples_leaf': 1, 'max_depth': 20, 'bootstrap': False}",49.13417625427246,0.828125,0.7361111111111112,0.7794117647058824,72.0,0.8689655172413793,0.9197080291970803,0.8936170212765957,137.0,0.8564593301435407,0.8485452586206896,0.8279095701540957,0.8365143929912391,209.0,0.8548960567563109,0.8564593301435407,0.8542735836063021,209.0
Random Forest (GridSearchCV),0.861244019138756,0.8857142857142857,0.9051094890510949,0.8953068592057761,0.8940085158150851,56,16,13,124,29,13.875598086124402,"{'bootstrap': False, 'max_depth': 15, 'min_samples_leaf': 1, 'min_samples_split': 2, 'n_estimators': 200}",839.4243426322937,0.8115942028985508,0.7777777777777778,0.7943262411347518,72.0,0.8857142857142857,0.9051094890510949,0.8953068592057761,137.0,0.861244019138756,0.8486542443064182,0.8414436334144364,0.844816550170264,209.0,0.8601800945050373,0.861244019138756,0.8605192778607342,209.0
